BlockID,BasinID,CentreX,CentreY,CoordX,CoordY,estgw0,gw0mSL,estgwm,gwmmSL
31,1,9150,150,2704974.148,1244829.438,526.7969867,234.2507334,528.3708372,235.1808869
32,1,9450,150,2705274.148,1244829.438,526.696518,260.7107561,528.3410778,261.5422556
33,1,9750,150,2705574.148,1244829.438,526.5989709,308.0036555,528.3117653,308.8345762
34,1,10050,150,2705874.148,1244829.438,526.504654,313.2970925,528.2830456,313.5462227
36,1,10650,150,2706474.148,1244829.438,526.3263724,323.113025,528.2277678,323.4496515
37,1,10950,150,2706774.148,1244829.438,526.2425301,323.5465667,528.201327,323.798673
67,1,8850,450,2704674.148,1245129.438,526.9911138,194.3844086,528.44009,196.3376878
68,1,9150,450,2704974.148,1245129.438,526.8771088,216.5846224,528.406163,218.093837
69,1,9450,450,2705274.148,1245129.438,526.7668189,249.1567085,528.3728882,250.4604452
70,1,9750,450,2705574.148,1245129.438,526.6605881,284.3878189,528.3404279,284.6873499
71,1,10050,450,2705874.148,1245129.438,526.5586083,298.6841615,528.3088922,298.9341633
72,1,10350,450,2706174.148,1245129.438,526.460957,307.7450573,528.278351,308.2692681
73,1,10650,450,2706474.148,1245129.438,526.3676271,301.7790527,528.2488438,302.1678229
74,1,10950,450,2706774.148,1245129.438,526.2785504,319.5563403,528.2203874,319.9375074
103,1,8550,750,2704374.148,1245429.438,527.2090138,203.1437335,528.5177874,207.0779573
104,1,8850,750,2704674.148,1245429.438,527.0787178,182.4926647,528.4787823,189.1226163
105,1,9150,750,2704974.148,1245429.438,526.9531928,186.619602,528.4407217,190.0592783
106,1,9450,750,2705274.148,1245429.438,526.8328169,225.1271249,528.4037828,225.4226061
107,1,9750,750,2705574.148,1245429.438,526.7177732,255.6311958,528.3680766,255.9027568
108,1,10050,750,2705874.148,1245429.438,526.6081024,267.0693996,528.3336651,267.8468905
109,1,10350,750,2706174.148,1245429.438,526.5037437,282.3420373,528.3005746,282.991092
110,1,10650,750,2706474.148,1245429.438,526.4045656,292.8940438,528.2688057,293.5159165
111,1,10950,750,2706774.148,1245429.438,526.3103892,330.3654704,528.2383403,330.8505486
140,1,8550,1050,2704374.148,1245729.438,527.3049524,196.0710609,528.5603015,196.636127
141,1,8850,1050,2704674.148,1245729.438,527.1610521,1.165100727,528.5163944,174.9488834
142,1,9150,1050,2704974.148,1245729.438,527.023751,178.1622164,528.47404,178.4912378
143,1,9450,1050,2705274.148,1245729.438,526.8932014,223.6135269,528.4333405,223.9416595
144,1,9750,1050,2705574.148,1245729.438,526.7693784,242.6414392,528.3943385,244.2723281
145,1,10050,1050,2705874.148,1245729.438,526.6521351,241.1059285,528.3570355,242.2610201
146,1,10350,1050,2706174.148,1245729.438,526.5412451,260.0440835,528.3214044,261.2410956
147,1,10650,1050,2706474.148,1245729.438,526.4364318,284.3551872,528.2873993,285.0806562
148,1,10950,1050,2706774.148,1245729.438,526.3373906,307.2930139,528.2549624,307.7837973
177,1,8550,1350,2704374.148,1246029.438,527.393927,160.0059282,528.6012883,160.568523
178,1,8850,1350,2704674.148,1246029.438,527.2362082,154.8953361,528.5523148,155.3643519
179,1,9150,1350,2704974.148,1246029.438,527.0871254,176.8802625,528.5055825,177.2444175
180,1,9450,1350,2705274.148,1246029.438,526.9465403,221.5772795,528.4610946,221.9416832
181,1,9750,1350,2705574.148,1246029.438,526.8141711,211.6824265,528.4188081,215.4839696
182,1,10050,1350,2705874.148,1246029.438,526.6896484,216.581381,528.3786512,220.3921822
183,1,10350,1350,2706174.148,1246029.438,526.5725541,259.484939,528.3405344,261.1039101
184,1,10650,1350,2706474.148,1246029.438,526.4624486,285.0167235,528.3043591,285.9248076
185,1,10950,1350,2706774.148,1246029.438,526.358889,303.3277397,528.2700226,303.7442631
212,1,7950,1650,2703774.148,1246329.438,527.849795,126.4110032,528.7573291,127.2426709
213,1,8250,1650,2704074.148,1246329.438,527.6560153,126.65805,528.6971068,127.340629
214,1,8550,1650,2704374.148,1246329.438,527.4734575,135.7094889,528.6399463,136.2137122
215,1,8850,1650,2704674.148,1246329.438,527.3020669,141.3940788,528.5858548,141.4974786
216,1,9150,1650,2704974.148,1246329.438,527.1415148,163.0279346,528.5347594,163.4027406
217,1,9450,1650,2705274.148,1246329.438,526.9913074,1.164809792,528.4865409,176.5204036
218,1,9750,1650,2705574.148,1246329.438,526.8508609,1.164809792,528.4410543,182.6422791
219,1,10050,1650,2705874.148,1246329.438,526.7195518,1.164809792,528.3981432,220.7893568
220,1,10350,1650,2706174.148,1246329.438,526.5967494,261.2588407,528.3576486,262.4826292
221,1,10650,1650,2706474.148,1246329.438,526.4818372,296.4390379,528.3194136,297.2291975
222,1,10950,1650,2706774.148,1246329.438,526.3742252,332.4303328,528.2832875,333.0145848
233,1,3150,1950,2698974.148,1246629.438,528.2380777,39.7512772,528.5231716,40.92780879
234,1,3450,1950,2699274.148,1246629.438,528.9033644,38.53217528,528.7946002,40.10335902
235,1,3750,1950,2699574.148,1246629.438,529.449393,33.83638703,529.0334497,35.70518664
236,1,4050,1950,2699874.148,1246629.438,529.8596646,15.28319482,529.2292257,15.53164383
249,1,7950,1950,2703774.148,1246629.438,527.9522632,120.6525427,528.8059579,121.5763951
250,1,8250,1950,2704074.148,1246629.438,527.7392308,121.3895307,528.7385394,122.1434051
251,1,8550,1950,2704374.148,1246629.438,527.5408067,132.1510841,528.6753785,132.7412882
252,1,8850,1950,2704674.148,1246629.438,527.356345,131.2603254,528.6162621,131.5712379
253,1,9150,1950,2704974.148,1246629.438,527.1850194,139.5049344,528.5609401,139.9668377
254,1,9450,1950,2705274.148,1246629.438,527.0259239,150.6115996,528.5091498,150.9283502
255,1,9750,1950,2705574.148,1246629.438,526.8781357,197.609853,528.4606314,197.9490909
256,1,10050,1950,2705874.148,1246629.438,526.7407542,242.4348942,528.4151357,242.7529315
257,1,10350,1950,2706174.148,1246629.438,526.6129225,268.8720745,528.3724286,273.6116984
258,1,10650,1950,2706474.148,1246629.438,526.4938398,321.1577525,528.3322924,321.9131622
259,1,10950,1950,2706774.148,1246629.438,526.3827658,376.195858,528.2945265,376.8418371
269,1,2850,2250,2698674.148,1246929.438,527.7486195,42.31963396,528.2885465,43.23923124
270,1,3150,2250,2698974.148,1246929.438,528.661043,37.88061237,528.6410153,39.35199173
271,1,3450,2250,2699274.148,1246929.438,529.4525305,32.71540354,528.9690052,34.64905034
272,1,3750,2250,2699574.148,1246929.438,530.0865525,20.15752435,529.2581007,22.40856599
273,1,4050,2250,2699874.148,1246929.438,530.5496968,9.86949052,529.4942594,10.56923267
274,1,4350,2250,2700174.148,1246929.438,530.8355721,9.549054149,529.6622364,10.32665248
275,1,4650,2250,2700474.148,1246929.438,530.9445623,9.46313793,529.7516826,10.24831736
285,1,7650,2250,2703474.148,1246929.438,528.2883776,110.5871821,528.9304494,111.7362173
286,1,7950,2250,2703774.148,1246929.438,528.0376553,110.3687158,528.8499981,111.394188
287,1,8250,2250,2704074.148,1246929.438,527.8062735,113.2743197,528.7755442,114.1064002
288,1,8550,2250,2704374.148,1246929.438,527.5930608,123.8196941,528.7066178,124.4669933
289,1,8850,2250,2704674.148,1246929.438,527.3966691,126.7946416,528.6427451,127.718366
290,1,9150,2250,2704974.148,1246929.438,527.2157064,127.2826668,528.5834736,127.6387486
291,1,9450,2250,2705274.148,1246929.438,527.0488143,145.5936915,528.5283841,146.0452594
292,1,9750,2250,2705574.148,1246929.438,526.8947092,180.3870279,528.4770939,180.7014776
293,1,10050,2250,2705874.148,1246929.438,526.752203,222.9539592,528.4292574,223.2374093
294,1,10350,2250,2706174.148,1246929.438,526.6202099,288.439135,528.3845637,288.7582934
295,1,10650,2250,2706474.148,1246929.438,526.4977463,296.0522824,528.3427341,297.4072659
306,1,2850,2550,2698674.148,1247229.438,528.0184394,46.6355012,528.3386377,47.78636233
307,1,3150,2550,2698974.148,1247229.438,529.1366294,40.17591442,528.7683854,42.00198497
308,1,3450,2550,2699274.148,1247229.438,530.078791,20.93537894,529.1692215,23.26133402
309,1,3750,2550,2699574.148,1247229.438,530.8093471,13.71858764,529.5256512,14.62018209
310,1,4050,2550,2699874.148,1247229.438,531.3356758,8.79785294,529.8224071,9.830370724
311,1,4350,2550,2700174.148,1247229.438,531.6473777,8.781812659,530.0294779,9.914966554
312,1,4650,2550,2700474.148,1247229.438,531.7276219,9.997988395,530.1189502,11.25406566
313,1,4950,2550,2700774.148,1247229.438,531.5993852,13.11258391,530.0970002,14.04906723
314,1,5250,2550,2701074.148,1247229.438,531.3205882,13.18559991,529.9988257,14.15411551
315,1,5550,2550,2701374.148,1247229.438,530.9533305,13.54942863,529.8620902,14.06098668
322,1,7650,2550,2703474.148,1247229.438,528.3730021,106.1055245,528.9765258,107.695116
323,1,7950,2550,2703774.148,1247229.438,528.1012684,104.9092316,528.887872,106.1399058
324,1,8250,2550,2704074.148,1247229.438,527.8534084,107.2068764,528.8068719,108.0264615
325,1,8550,2550,2704374.148,1247229.438,527.6272539,108.3112831,528.7326695,110.4270527
326,1,8850,2550,2704674.148,1247229.438,527.420681,118.5717539,528.6645059,119.5854941
327,1,9150,2550,2704974.148,1247229.438,527.2316967,133.9340917,528.6017161,134.634395
328,1,9450,2550,2705274.148,1247229.438,527.0584768,151.3224723,528.5437203,151.6820862
343,1,2850,2850,2698674.148,1247529.438,528.2683689,46.32584017,528.3687864,47.70017915
344,1,3150,2850,2698974.148,1247529.438,529.6612476,29.31971606,528.8996896,31.51697706
345,1,3450,2850,2699274.148,1247529.438,530.7727427,12.63100908,529.3925322,13.62135666
346,1,3750,2850,2699574.148,1247529.438,531.5890205,12.66910392,529.836477,14.03157853
347,1,4050,2850,2699874.148,1247529.438,532.2039313,8.820254073,530.2360221,10.3195335
348,1,4350,2850,2700174.148,1247529.438,532.5759356,8.365025607,530.5217258,9.908829748
349,1,4650,2850,2700474.148,1247529.438,532.616112,8.744732827,530.6037422,10.31986889
350,1,4950,2850,2700774.148,1247529.438,532.3673417,11.01395692,530.5047064,12.48834915
351,1,5250,2850,2701074.148,1247529.438,531.9421939,12.7969808,530.3129072,13.81209276
352,1,5550,2850,2701374.148,1247529.438,531.4373708,15.85112964,530.0958718,16.81321915
353,1,5850,2850,2701674.148,1247529.438,530.9146244,28.6105049,529.886057,30.59965732
354,1,6150,2850,2701974.148,1247529.438,530.4081021,39.2641792,529.6949097,41.4241379
355,1,6450,2850,2702274.148,1247529.438,529.9343686,1.164809792,529.5245398,60.97546021
356,1,6750,2850,2702574.148,1247529.438,529.4998126,1.164809792,529.3735899,62.67725752
357,1,7050,2850,2702874.148,1247529.438,529.105324,76.41390198,529.2397152,80.42695145
358,1,7350,2850,2703174.148,1247529.438,528.7490357,102.9232773,529.1205224,105.8794776
359,1,7650,2850,2703474.148,1247529.438,528.4278601,96.6757568,529.0138767,99.29445663
360,1,7950,2850,2703774.148,1247529.438,528.138315,101.2824989,528.9179661,102.6584228
361,1,8250,2850,2704074.148,1247529.438,527.8769479,1.164809792,528.8312804,102.8353863
362,1,8550,2850,2704374.148,1247529.438,527.6405367,103.7321971,528.7525668,107.6779888
363,1,8850,2850,2704674.148,1247529.438,527.4261708,121.3898612,528.6807842,122.4719935
364,1,9150,2850,2704974.148,1247529.438,527.2312686,169.3593158,528.6150634,170.0724366
365,1,9450,2850,2705274.148,1247529.438,527.0535646,173.0727992,528.5546738,173.5264073
379,1,2550,3150,2698374.148,1247829.438,526.5358159,38.00372357,527.6988153,38.3011847
380,1,2850,3150,2698674.148,1247829.438,528.4310436,30.26339467,528.3536206,31.78171771
381,1,3150,3150,2698974.148,1247829.438,530.2106186,12.69859027,529.0225185,13.49831488
382,1,3450,3150,2699274.148,1247829.438,531.4970612,7.734771325,529.63099,9.007898852
383,1,3750,3150,2699574.148,1247829.438,532.3199534,9.527545785,530.1637738,11.3292818
384,1,4050,3150,2699874.148,1247829.438,533.1160143,6.291364497,530.7712436,7.93708973
385,1,4350,3150,2700174.148,1247829.438,533.6567347,6.756846308,531.2590222,8.484033375
386,1,4650,3150,2700474.148,1247829.438,533.6150019,8.888545204,531.2860527,10.79728068
387,1,4950,3150,2700774.148,1247829.438,533.1652013,13.26796841,531.0023806,15.08095274
388,1,5250,3150,2701074.148,1247829.438,532.5385534,17.27803093,530.6482607,18.8517393
389,1,5550,3150,2701374.148,1247829.438,531.8683757,22.22364091,530.3207408,25.02648142
390,1,5850,3150,2701674.148,1247829.438,531.2197698,1.176783148,530.0402435,44.31392318
391,1,6150,3150,2701974.148,1247829.438,530.6206248,1.166321005,529.8037606,46.43235051
392,1,6450,3150,2702274.148,1247829.438,530.0797526,1.17051505,529.6035544,62.8756123
393,1,6750,3150,2702574.148,1247829.438,529.5968139,1.166608261,529.4323207,80.01906822
394,1,7050,3150,2702874.148,1247829.438,529.1675017,1.164809792,529.2842053,77.34079468
395,1,7350,3150,2703174.148,1247829.438,528.7861309,1.164809792,529.1547199,92.37255281
396,1,7650,3150,2703474.148,1247829.438,528.4468706,92.88928315,529.0404465,97.03594244
397,1,7950,3150,2703774.148,1247829.438,528.1442837,117.096539,528.9387623,118.894571
398,1,8250,3150,2704074.148,1247829.438,527.8735266,118.3658196,528.8476291,119.2634821
399,1,8550,3150,2704374.148,1247829.438,527.6303838,110.7329565,528.765439,113.0748388
400,1,8850,3150,2704674.148,1247829.438,527.4112321,116.4677754,528.6909058,117.461872
401,1,9150,3150,2704974.148,1247829.438,527.2129752,156.7694979,528.6229867,157.3266536
402,1,9450,3150,2705274.148,1247829.438,527.0329734,189.9972134,528.5608255,190.4391745
415,1,2250,3450,2698074.148,1248129.438,523.9887558,38.10322409,526.7375917,36.82240826
416,1,2550,3450,2698374.148,1248129.438,525.9533006,26.12545435,527.4431186,26.07116712
417,1,2850,3450,2698674.148,1248129.438,528.3266907,8.582777394,528.2364459,8.166331898
418,1,3150,3450,2698974.148,1248129.438,530.6560169,5.454849385,529.0942769,6.266834223
419,1,3450,3450,2699274.148,1248129.438,532.1527733,6.021313613,529.8981263,7.699095956
420,1,3750,3450,2699574.148,1248129.438,532.719355,5.309195489,530.391889,6.94144433
421,1,4050,3450,2699874.148,1248129.438,534.0642287,6.12298616,531.5131314,7.952146396
422,1,4350,3450,2700174.148,1248129.438,534.971964,6.786212651,532.6369503,8.488049733
423,1,4650,3450,2700474.148,1248129.438,534.6577243,10.19996531,532.2714655,12.2702012
424,1,4950,3450,2700774.148,1248129.438,533.8902777,15.27784407,531.5471587,17.24450795
425,1,5250,3450,2701074.148,1248129.438,533.0221348,20.98062892,530.9510904,24.49335402
426,1,5550,3450,2701374.148,1248129.438,532.1811293,1.168749876,530.4991513,33.2369598
427,1,5850,3450,2701674.148,1248129.438,531.4154819,1.164809792,530.1521527,45.36868065
428,1,6150,3450,2701974.148,1248129.438,530.7372921,57.79577027,529.8778012,61.16386542
429,1,6450,3450,2702274.148,1248129.438,530.143323,94.04748165,529.654584,97.75513826
430,1,6750,3450,2702574.148,1248129.438,529.6247863,116.2470907,529.4685303,120.0036919
431,1,7050,3450,2702874.148,1248129.438,529.1716572,1.164809792,529.310394,110.7451616
432,1,7350,3450,2703174.148,1248129.438,528.7744294,1.164838804,529.1738611,107.1039167
433,1,7650,3450,2703474.148,1248129.438,528.424721,123.9771761,529.0544754,127.0774691
434,1,7950,3450,2703774.148,1248129.438,528.1153838,136.3852424,528.9489921,137.9398968
435,1,8250,3450,2704074.148,1248129.438,527.8404179,143.6325458,528.854982,144.7769624
436,1,8550,3450,2704374.148,1248129.438,527.59482,129.8122644,528.7705819,131.0141403
437,1,8850,3450,2704674.148,1248129.438,527.3744251,114.6935899,528.694332,115.4515014
438,1,9150,3450,2704974.148,1248129.438,527.1757616,126.4736091,528.625068,126.9304876
439,1,9450,3450,2705274.148,1248129.438,526.9959276,137.4495166,528.5618468,137.6635053
451,1,1950,3750,2697774.148,1248429.438,521.2958952,52.28139263,525.5013083,49.59869171
452,1,2250,3750,2698074.148,1248429.438,522.7157958,36.04734589,526.2023685,34.03150246
453,1,2550,3750,2698374.148,1248429.438,524.8327364,9.682593019,527.004731,7.134157939
454,1,2850,3750,2698674.148,1248429.438,527.5971671,4.147020162,527.9108791,2.978009831
455,1,3150,3750,2698974.148,1248429.438,530.5045254,5.478704241,528.9464922,6.289618906
456,1,3450,3750,2699274.148,1248429.438,532.374417,1.199902907,529.9926434,4.41707879
457,1,3750,3750,2699574.148,1248429.438,532.7145629,3.832704324,530.3421847,5.331426368
458,1,4050,3750,2699874.148,1248429.438,535.0858427,1.200428593,532.3899729,6.81836048
459,1,4350,3750,2700174.148,1248429.438,536.222525,1.199918283,535.4994129,6.847809315
460,1,4650,3750,2700474.148,1248429.438,535.3928235,1.199902907,533.2471744,13.3431034
461,1,4950,3750,2700774.148,1248429.438,534.3310538,1.199902907,531.9220081,18.66826969
462,1,5250,3750,2701074.148,1248429.438,533.2632695,1.164809792,531.1155568,24.34972102
463,1,5550,3750,2701374.148,1248429.438,532.2951281,1.164809792,530.5810228,32.00231056
464,1,5850,3750,2701674.148,1248429.438,531.4514538,1.164809792,530.1971365,56.39314124
465,1,6150,3750,2701974.148,1248429.438,530.7263623,1.16548131,529.9041389,81.19308329
466,1,6450,3750,2702274.148,1248429.438,530.1048014,1.164809792,529.6704282,117.6281829
467,1,6750,3750,2702574.148,1248429.438,529.5705989,1.164809792,529.4779374,138.8762293
468,1,7050,3750,2702874.148,1248429.438,529.1091749,134.944242,529.3155878,138.6774677
469,1,7350,3750,2703174.148,1248429.438,528.7082099,1.173202719,529.1761674,135.0668881
470,1,7650,3750,2703474.148,1248429.438,528.3575725,162.3117141,529.0547404,166.077204
471,1,7950,3750,2703774.148,1248429.438,528.0490186,180.9965281,528.9477859,182.5730475
472,1,8250,3750,2704074.148,1248429.438,527.7758557,183.5280695,528.8527043,184.5847957
473,1,8550,3750,2704374.148,1248429.438,527.532641,180.1540986,528.7675215,180.975534
474,1,8850,3750,2704674.148,1248429.438,527.3149297,136.3342466,528.6907024,136.9065198
475,1,9150,3750,2704974.148,1248429.438,527.1190727,117.6739147,528.6210295,117.9900816
476,1,9450,3750,2705274.148,1248429.438,526.9420562,125.5360382,528.5575211,125.6802412
477,1,9750,3750,2705574.148,1248429.438,526.781376,132.5041175,528.4993742,132.5006258
487,1,1650,4050,2697474.148,1248729.438,519.1699537,59.84808868,523.9989551,56.60818779
488,1,1950,4050,2697774.148,1248729.438,519.8130337,41.63970245,524.5935926,38.36964266
489,1,2250,4050,2698074.148,1248729.438,521.0773643,15.3215519,525.4464575,10.58826476
490,1,2550,4050,2698374.148,1248729.438,523.1348593,4.367887216,526.3366134,0.350886596
491,1,2850,4050,2698674.148,1248729.438,525.9686636,4.056151759,527.2440776,1.908700207
492,1,3150,4050,2698974.148,1248729.438,529.1131534,1.199902907,528.4207721,5.176450096
493,1,3450,4050,2699274.148,1248729.438,531.4795571,3.145050947,529.4652924,3.958318673
494,1,3750,4050,2699574.148,1248729.438,532.9154675,1.204766632,529.7147768,5.924112092
495,1,4050,4050,2699874.148,1248729.438,535.1748162,1.2003392,531.4713001,7.466199923
496,1,4350,4050,2700174.148,1248729.438,536.2422661,6.547956521,534.9824162,7.288417136
497,1,4650,4050,2700474.148,1248729.438,535.4076484,12.59130209,533.0931011,14.55967673
498,1,4950,4050,2700774.148,1248729.438,534.2582535,16.29691706,531.8161241,18.60748705
499,1,5250,4050,2701074.148,1248729.438,533.13399,30.13229162,531.0441485,33.82390707
500,1,5550,4050,2701374.148,1248729.438,532.1391146,57.13737824,530.5317659,61.19740072
501,1,5850,4050,2701674.148,1248729.438,531.2874381,88.89600536,530.1613069,93.08174865
502,1,6150,4050,2701974.148,1248729.438,530.564676,105.3051723,529.8764847,109.3665708
503,1,6450,4050,2702274.148,1248729.438,529.9506286,1.164809792,529.6478958,121.6993264
504,1,6750,4050,2702574.148,1248729.438,529.426206,141.3401042,529.4587471,145.3051418
505,1,7050,4050,2702874.148,1248729.438,528.9752435,152.9378175,529.2986857,156.8957588
506,1,7350,4050,2703174.148,1248729.438,528.5845946,168.8165043,529.1609151,175.7696405
507,1,7650,4050,2703474.148,1248729.438,528.2437222,1.164809792,529.0407407,195.2717593
508,1,7950,4050,2703774.148,1248729.438,527.9442074,219.2960267,528.9347838,221.030494
509,1,8250,4050,2704074.148,1248729.438,527.6793071,230.568632,528.8405304,231.4650252
510,1,8550,4050,2704374.148,1248729.438,527.4435925,225.0522959,528.7560584,225.8203305
511,1,8850,4050,2704674.148,1248729.438,527.2326646,195.6125792,528.6798654,196.1187457
512,1,9150,4050,2704974.148,1248729.438,527.0429334,138.930215,528.6107546,139.1045232
513,1,9450,4050,2705274.148,1248729.438,526.8714479,122.841485,528.547758,122.9015174
523,1,1350,4350,2697174.148,1249029.438,517.9055578,54.73419078,522.5502704,51.69110888
524,1,1650,4350,2697474.148,1249029.438,517.8958641,50.13973777,522.5789255,47.06855651
525,1,1950,4350,2697774.148,1249029.438,518.2676692,22.09188178,523.2040736,18.65009309
526,1,2250,4350,2698074.148,1249029.438,519.3214436,6.685231113,524.4171353,0.91619807
527,1,2550,4350,2698374.148,1249029.438,521.2040208,7.376149399,525.4750915,2.490186266
528,1,2850,4350,2698674.148,1249029.438,523.7961359,5.684139433,526.1155753,2.752480221
529,1,3150,4350,2698974.148,1249029.438,526.7860619,1.205654634,527.2518394,2.407882808
530,1,3450,4350,2699274.148,1249029.438,529.5594858,1.236775043,529.0778755,2.83184669
531,1,3750,4350,2699574.148,1249029.438,531.855374,1.244343612,529.7352845,5.702215516
532,1,4050,4350,2699874.148,1249029.438,533.9289019,1.223051671,530.5558477,8.98581896
533,1,4350,4350,2700174.148,1249029.438,534.9140112,7.230159857,531.9511417,9.653024934
534,1,4650,4350,2700474.148,1249029.438,534.4859259,15.39703944,531.8543519,17.72203694
535,1,4950,4350,2700774.148,1249029.438,533.5520939,25.40514842,531.2683588,29.1552523
536,1,5250,4350,2701074.148,1249029.438,532.5743456,54.10467321,530.7609452,57.62099923
537,1,5550,4350,2701374.148,1249029.438,531.6839696,89.68312248,530.3645383,92.71185056
538,1,5850,4350,2701674.148,1249029.438,530.9096553,123.4997054,530.0517688,126.4898979
539,1,6150,4350,2701974.148,1249029.438,530.2460592,134.3982608,529.7987399,137.0345934
540,1,6450,4350,2702274.148,1249029.438,529.6784048,140.699682,529.5891818,142.9941515
541,1,6750,4350,2702574.148,1249029.438,529.1910674,162.4711167,529.4122277,166.7058278
542,1,7050,4350,2702874.148,1249029.438,528.7702138,173.6068875,529.2604408,175.5590036
543,1,7350,4350,2703174.148,1249029.438,528.4043314,193.3611933,529.1285648,195.2015323
544,1,7650,4350,2703474.148,1249029.438,528.0840632,211.072473,529.012767,213.1538996
545,1,7950,4350,2703774.148,1249029.438,527.8018622,227.5599513,528.9101761,232.1612525
546,1,8250,4350,2704074.148,1249029.438,527.5516419,240.385563,528.8185895,241.404551
547,1,8550,4350,2704374.148,1249029.438,527.3284758,232.3088005,528.7362841,232.874827
548,1,8850,4350,2704674.148,1249029.438,527.1283537,206.4325272,528.6618885,206.8236188
549,1,9150,4350,2704974.148,1249029.438,526.9479906,184.4978591,528.5942954,184.7011591
559,1,1050,4650,2696874.148,1249329.438,517.3841272,37.71794871,521.7911431,34.82424152
560,1,1350,4650,2697174.148,1249329.438,517.037435,41.06509208,521.0980298,38.62674088
561,1,1650,4650,2697474.148,1249329.438,516.7889533,25.4374817,520.4892226,23.3024441
562,1,1950,4650,2697774.148,1249329.438,516.8704432,7.076339711,520.7917382,2.548539619
563,1,2250,4650,2698074.148,1249329.438,517.7989262,6.95544807,522.9317176,1.186337976
564,1,2550,4650,2698374.148,1249329.438,519.6800354,12.3337022,524.5385151,7.079540502
565,1,2850,4650,2698674.148,1249329.438,521.9624235,1.215838365,524.7034776,0.942355742
566,1,3150,4650,2698974.148,1249329.438,524.4431008,1.249052527,525.7596378,2.157028817
567,1,3450,4650,2699274.148,1249329.438,527.1242106,6.463151296,528.7688137,3.904797451
568,1,3750,4650,2699574.148,1249329.438,529.6534627,7.738357702,529.7780244,7.215031109
569,1,4050,4650,2699874.148,1249329.438,531.658064,24.6436459,530.2465639,27.87149164
570,1,4350,4650,2700174.148,1249329.438,532.7177822,18.23215481,530.6941136,20.17394199
571,1,4650,4650,2700474.148,1249329.438,532.7871871,36.75611997,530.8309121,40.30797677
572,1,4950,4650,2700774.148,1249329.438,532.3032814,51.83655578,530.6659701,55.0631966
573,1,5250,4650,2701074.148,1249329.438,531.6382213,59.97821689,530.4007572,62.758965
574,1,5550,4650,2701374.148,1249329.438,530.9630812,100.0559059,530.1338275,102.4703392
575,1,5850,4650,2701674.148,1249329.438,530.3400284,117.2324339,529.8933744,121.2802367
576,1,6150,4650,2701974.148,1249329.438,529.7856308,127.7592646,529.6833745,131.6638478
577,1,6450,4650,2702274.148,1249329.438,529.2989551,163.8570292,529.5010421,166.297569
578,1,6750,4650,2702574.148,1249329.438,528.8731604,191.3888048,529.3422793,193.0188318
579,1,7050,4650,2702874.148,1249329.438,528.5001013,200.6122,529.20323,202.5185091
580,1,7350,4650,2703174.148,1249329.438,528.1720436,188.2408115,529.0806348,189.4193652
583,1,8250,4650,2704074.148,1249329.438,527.3951559,273.480022,528.7873815,275.1481024
584,1,8550,4650,2704374.148,1249329.438,527.1891535,256.2808,528.7085666,256.7569506
585,1,8850,4650,2704674.148,1249329.438,527.0035236,244.5154694,528.6370503,244.8366339
596,1,1050,4950,2696874.148,1249629.438,516.8501352,38.3223696,520.8678687,35.90990911
597,1,1350,4950,2697174.148,1249629.438,516.4093919,31.72062766,519.6913559,30.00308857
598,1,1650,4950,2697474.148,1249629.438,516.060369,10.83528971,518.127586,8.532136238
599,1,1950,4950,2697774.148,1249629.438,515.8677732,3.526548168,516.7635036,1.701774144
600,1,2250,4950,2698074.148,1249629.438,516.818952,1.200686674,520.6905329,13.7678004
601,1,2550,4950,2698374.148,1249629.438,519.2673437,1.222426885,524.2876566,2.823454502
602,1,2850,4950,2698674.148,1249629.438,521.4081162,1.237525763,524.4521993,0.714467392
603,1,3150,4950,2698974.148,1249629.438,522.9249276,8.723412051,528.2620001,2.85605548
604,1,3450,4950,2699274.148,1249629.438,524.9446685,12.60666089,531.1194461,6.1236095
605,1,3750,4950,2699574.148,1249629.438,527.2218927,13.85190374,530.8304739,9.898692768
606,1,4050,4950,2699874.148,1249629.438,529.1493577,19.72213758,530.4326087,18.13683578
607,1,4350,4950,2700174.148,1249629.438,530.3594689,27.75077532,530.3467007,29.25052151
608,1,4650,4950,2700474.148,1249629.438,530.8283475,1.164809792,530.3220474,53.26823036
609,1,4950,4950,2700774.148,1249629.438,530.7832905,1.171601122,530.228959,52.98631881
610,1,5250,4950,2701074.148,1249629.438,530.4743352,1.17130589,530.0735902,63.86390982
611,1,5550,4950,2701374.148,1249629.438,530.0627937,1.166518863,529.8935794,91.8911428
612,1,5850,4950,2701674.148,1249629.438,529.6313232,1.171483842,529.7138097,105.9736903
613,1,6150,4950,2701974.148,1249629.438,529.2171595,128.6630438,529.5454581,134.3920419
614,1,6450,4950,2702274.148,1249629.438,528.8347906,169.0703804,529.3921682,170.9272763
615,1,6750,4950,2702574.148,1249629.438,528.4880325,193.9165638,529.2541873,195.005072
616,1,7050,4950,2702874.148,1249629.438,528.1759766,206.837181,529.1304225,207.8695775
632,1,750,5250,2696574.148,1249929.438,517.0145256,41.50871436,521.3466696,38.65333039
633,1,1050,5250,2696874.148,1249929.438,516.480996,32.16654602,520.2218831,29.88555496
634,1,1350,5250,2697174.148,1249929.438,515.9569116,18.33023362,518.7448717,15.44957271
635,1,1650,5250,2697474.148,1249929.438,515.6012804,4.88395452,517.0324362,2.738397159
636,1,1950,5250,2697774.148,1249929.438,515.9232599,1.201183426,515.7217998,1.555977996
637,1,2250,5250,2698074.148,1249929.438,516.5545892,1.215751223,519.3595059,-0.123394805
638,1,2550,5250,2698374.148,1249929.438,520.8437206,4.43749024,524.0803752,0.634902528
639,1,2850,5250,2698674.148,1249929.438,522.8029754,1.201137563,526.6080998,2.829400192
640,1,3150,5250,2698974.148,1249929.438,522.509628,1.205216511,533.6041612,0.284727718
641,1,3450,5250,2699274.148,1249929.438,523.5424217,1.202420124,534.4007512,4.21035993
642,1,3750,5250,2699574.148,1249929.438,525.2920696,17.29648647,532.0487985,10.27759037
643,1,4050,5250,2699874.148,1249929.438,526.9968105,37.17210176,530.7855348,34.91585411
644,1,4350,5250,2700174.148,1249929.438,528.2536111,1.164809792,530.2804367,45.28900773
645,1,4650,5250,2700474.148,1249929.438,528.9726558,1.165409846,530.0685602,58.28560645
646,1,4950,5250,2700774.148,1249929.438,529.253703,61.80374853,529.9345593,64.37794066
647,1,5250,5250,2701074.148,1249929.438,529.2500077,72.18008461,529.8055242,74.05558693
648,1,5550,5250,2701374.148,1249929.438,529.0882039,1.168844533,529.6693983,92.23337944
649,1,5850,5250,2701674.148,1249929.438,528.8505731,105.416622,529.5311903,106.5050416
650,1,6150,5250,2701974.148,1249929.438,528.5845224,131.8703361,529.39697,132.8441647
651,1,6450,5250,2702274.148,1249929.438,528.3154602,165.3597773,529.2704479,166.2364966
652,1,6750,5250,2702574.148,1249929.438,528.0561451,196.681001,529.1532333,197.4340683
668,1,450,5550,2696274.148,1250229.438,517.3848839,39.52941616,522.0742191,36.30415929
669,1,750,5550,2696574.148,1250229.438,516.8678669,32.52966161,521.1894115,29.65964506
670,1,1050,5550,2696874.148,1250229.438,516.2837674,10.65302482,519.9820993,6.566511802
671,1,1350,5550,2697174.148,1250229.438,515.6068273,4.196193669,518.2778723,0.680461003
672,1,1650,5550,2697474.148,1250229.438,514.7375254,1.20092149,515.7966036,2.620063051
673,1,1950,5550,2697774.148,1250229.438,514.3932687,1.205490397,514.4998569,1.368198615
674,1,2250,5550,2698074.148,1250229.438,516.3212047,4.198395923,519.2804139,0.664030557
675,1,2550,5550,2698374.148,1250229.438,521.2739429,6.220902004,523.8227882,3.05221178
676,1,2850,5550,2698674.148,1250229.438,523.0675003,9.498968067,525.8256607,6.382672621
677,1,3150,5550,2698974.148,1250229.438,522.2573096,17.97414091,531.973367,8.158577418
678,1,3450,5550,2699274.148,1250229.438,522.7407927,1.173546774,532.7455041,10.53921817
679,1,3750,5550,2699574.148,1250229.438,524.0065239,1.17892527,531.6992796,19.59238705
680,1,4050,5550,2699874.148,1250229.438,525.410087,1.166120499,530.7016897,35.7983103
681,1,4350,5550,2700174.148,1250229.438,526.5864945,1.164809792,530.1481422,54.51157998
682,1,4650,5550,2700474.148,1250229.438,527.403667,81.98152484,529.864956,82.447544
683,1,4950,5550,2700774.148,1250229.438,527.8785955,83.65862776,529.6998,84.34186668
684,1,5250,5550,2701074.148,1250229.438,528.0918352,83.13428587,529.5755089,83.54254667
685,1,5550,5550,2701374.148,1250229.438,528.1298249,86.24748685,529.4622864,86.81307596
686,1,5850,5550,2701674.148,1250229.438,528.0608014,100.2033619,529.3521317,100.7066918
687,1,6150,5550,2701974.148,1250229.438,527.9315328,138.2013057,529.2447349,138.724962
688,1,6450,5550,2702274.148,1250229.438,527.7717338,161.6838317,529.1415366,162.1184634
689,1,6750,5550,2702574.148,1250229.438,527.5994408,192.5493116,529.0437952,192.9562048
704,1,150,5850,2695974.148,1250529.438,517.8290201,28.53629277,522.7875256,25.01247442
705,1,450,5850,2696274.148,1250529.438,517.3872644,24.26221109,522.1598563,20.91653257
706,1,750,5850,2696574.148,1250529.438,516.8905375,15.17678601,521.3455142,10.34198575
707,1,1050,5850,2696874.148,1250529.438,516.32394,3.652534315,520.2553839,-1.234550607
708,1,1350,5850,2697174.148,1250529.438,515.6490436,9.250785282,518.7272473,5.765808263
709,1,1650,5850,2697474.148,1250529.438,514.8106986,3.17071518,516.5266163,0.299772574
710,1,1950,5850,2697774.148,1250529.438,514.6443851,4.092111086,516.0543818,1.820618237
711,1,2250,5850,2698074.148,1250529.438,516.4229534,14.4794507,520.2599917,10.47611946
712,1,2550,5850,2698374.148,1250529.438,519.240723,12.30519665,524.2205665,6.994711317
713,1,2850,5850,2698674.148,1250529.438,521.0137645,15.97121726,527.0974107,9.562311519
714,1,3150,5850,2698974.148,1250529.438,521.4927698,19.26451161,529.6802851,12.52804823
715,1,3450,5850,2699274.148,1250529.438,522.1361723,23.71698081,530.7402084,16.62784719
716,1,3750,5850,2699574.148,1250529.438,523.1593791,39.63221013,530.6284004,34.28132186
717,1,4050,5850,2699874.148,1250529.438,524.3081781,65.37341604,530.2003434,62.09132326
718,1,4350,5850,2700174.148,1250529.438,525.3492851,82.3549967,529.8454017,80.7934872
719,1,4650,5850,2700474.148,1250529.438,526.1624019,101.5058622,529.6151477,101.364019
720,1,4950,5850,2700774.148,1250529.438,526.7247701,103.881275,529.4663819,103.1308403
721,1,5250,5850,2701074.148,1250529.438,527.0692379,107.1149762,529.3572774,106.8093893
722,1,5550,5850,2701374.148,1250529.438,527.2475985,89.13058341,529.2640815,88.88258519
741,1,150,6150,2695974.148,1250829.438,517.905256,19.38419852,522.9535137,15.75056796
742,1,450,6150,2696274.148,1250829.438,517.5065138,14.26010342,522.4199036,8.962040884
743,1,750,6150,2696574.148,1250829.438,517.0720877,9.701492635,521.7655717,4.630261645
744,1,1050,6150,2696874.148,1250829.438,516.604864,13.87552129,520.967638,9.129584216
745,1,1350,6150,2697174.148,1250829.438,516.1265479,12.42372679,520.0467739,8.196281643
746,1,1650,6150,2697474.148,1250829.438,515.7611458,6.892555339,519.2902798,-6.512502043
747,1,1950,6150,2697774.148,1250829.438,515.923574,1.199902907,519.7435542,9.798112446
748,1,2250,6150,2698074.148,1250829.438,516.9678827,15.23697952,521.9292805,9.904052821
749,1,2550,6150,2698374.148,1250829.438,518.5420209,13.93332032,524.5407536,7.757857552
750,1,2850,6150,2698674.148,1250829.438,519.8986541,25.69244999,526.7485459,20.32089852
751,1,3150,6150,2698974.148,1250829.438,520.8146056,27.10144776,528.4137049,20.97518402
752,1,3450,6150,2699274.148,1250829.438,521.6417573,37.46726852,529.3416587,31.25556349
753,1,3750,6150,2699574.148,1250829.438,522.5677082,53.23482833,529.6214325,47.75356752
754,1,4050,6150,2699874.148,1250829.438,523.541856,71.15665403,529.5736462,66.93329822
755,1,4350,6150,2700174.148,1250829.438,524.4508677,93.82267459,529.438534,90.78368819
756,1,4650,6150,2700474.148,1250829.438,525.2122506,114.0740477,529.3133538,112.026924
757,1,4950,6150,2700774.148,1250829.438,525.794479,126.8586476,529.2155187,125.6383275
758,1,5250,6150,2701074.148,1250829.438,526.2049666,128.2509546,529.1371458,127.0936235
778,1,150,6450,2695974.148,1251129.438,518.0549797,18.43292598,523.2072521,12.90385896
779,1,450,6450,2696274.148,1251129.438,517.7157726,18.69544634,522.7927008,13.24366281
780,1,750,6450,2696574.148,1251129.438,517.3662161,12.33009345,522.3276477,7.047352307
781,1,1050,6450,2696874.148,1251129.438,517.0263075,11.34969668,521.8399401,6.187837671
782,1,1350,6450,2697174.148,1251129.438,516.7451491,3.174155405,521.4248234,-2.348434547
783,1,1650,6450,2697474.148,1251129.438,516.6348229,4.388720488,521.3238238,-5.976601555
784,1,1950,6450,2697774.148,1251129.438,516.8735788,1.203063662,521.8995944,7.5656834
785,1,2250,6450,2698074.148,1251129.438,517.5603336,1.199902907,523.2281226,5.785766246
786,1,2550,6450,2698374.148,1251129.438,518.5500041,20.64245022,524.8863812,16.41222996
787,1,2850,6450,2698674.148,1251129.438,519.5627327,27.99855204,526.4327958,22.62970424
788,1,3150,6450,2698974.148,1251129.438,520.46198,1.16537111,527.6471094,35.35983501
789,1,3450,6450,2699274.148,1251129.438,521.3033219,1.164809792,528.438755,43.76263385
790,1,3750,6450,2699574.148,1251129.438,522.1529854,57.5168098,528.8437638,52.3506806
791,1,4050,6450,2699874.148,1251129.438,523.0021701,83.77036493,528.9928432,79.40993453
792,1,4350,6450,2700174.148,1251129.438,523.7990818,115.4521701,529.0155684,112.0677649
793,1,4650,6450,2700474.148,1251129.438,524.4939685,134.5333571,528.9911339,131.9185883
794,1,4950,6450,2700774.148,1251129.438,525.059895,150.4879563,528.9539365,148.5371349
816,1,450,6750,2696274.148,1251429.438,517.9816862,17.82728113,523.2112535,12.25216115
817,1,750,6750,2696574.148,1251429.438,517.7173297,16.23201658,522.9133103,10.8019675
818,1,1050,6750,2696874.148,1251429.438,517.4891789,6.688943771,522.6580594,0.578051686
819,1,1350,6750,2697174.148,1251429.438,517.3430735,1.259,522.530128,-14.36346136
820,1,1650,6750,2697474.148,1251429.438,517.350568,8.804789097,522.6629157,3.323195381
821,1,1950,6750,2697774.148,1251429.438,517.5904066,21.30544563,523.1834933,17.21234008
822,1,2250,6750,2698074.148,1251429.438,518.0915429,1.164809792,524.0858986,14.58076808
823,1,2550,6750,2698374.148,1251429.438,518.7895726,1.164809792,525.1916809,15.71804134
824,1,2850,6750,2698674.148,1251429.438,519.5681162,1.16633927,526.2778231,23.73606581
825,1,3150,6750,2698974.148,1251429.438,520.3479642,1.164809792,527.1886473,44.75579712
826,1,3450,6750,2699274.148,1251429.438,521.1153317,1.164809792,527.8532852,47.02865925
827,1,3750,6750,2699574.148,1251429.438,521.8772939,60.77414131,528.2760128,56.89759836
828,1,4050,6750,2699874.148,1251429.438,522.6234342,91.22556436,528.5119817,86.96024048
829,1,4350,6750,2700174.148,1251429.438,523.3254019,133.4053075,528.6288592,129.8294741
830,1,4650,6750,2700474.148,1251429.438,523.9528471,157.7829934,528.6796502,154.8967387
831,1,4950,6750,2700774.148,1251429.438,524.4855444,184.3244824,528.6962951,182.0334346
853,1,450,7050,2696274.148,1251729.438,518.2747786,21.02554893,523.6257119,17.12428805
854,1,750,7050,2696574.148,1251729.438,518.0837759,24.45425467,523.4534322,20.56579857
855,1,1050,7050,2696874.148,1251729.438,517.940072,3.990054231,523.3464771,-2.152032628
856,1,1350,7050,2697174.148,1251729.438,517.8780578,4.052929,523.3617536,-10.47980914
857,1,1650,7050,2697474.148,1251729.438,517.9402813,17.70338548,523.5662921,11.91981898
858,1,1950,7050,2697774.148,1251729.438,518.1639318,19.86481391,524.0052411,13.75170337
859,1,2250,7050,2698074.148,1251729.438,518.5582647,21.39276192,524.6595833,16.76402785
860,1,2550,7050,2698374.148,1251729.438,519.0923993,26.54649293,525.4389467,22.06799777
861,1,2850,7050,2698674.148,1251729.438,519.7116423,43.81255646,526.2249318,39.4972904
862,1,3150,7050,2698974.148,1251729.438,520.3688384,1.164809792,526.9204536,61.31565756
863,1,3450,7050,2699274.148,1251729.438,521.0388006,1.164809792,527.4718458,60.743432
864,1,3750,7050,2699574.148,1251729.438,521.7084677,1.175718007,527.869014,65.00598604
865,1,4050,7050,2699874.148,1251729.438,522.3629763,89.13992511,528.1331152,85.17244031
866,1,4350,7050,2700174.148,1251729.438,522.9822472,127.6759083,528.2984834,124.270961
867,1,4650,7050,2700474.148,1251729.438,523.5458177,154.9011595,528.3977634,151.9425144
868,1,4950,7050,2700774.148,1251729.438,524.0385417,178.222843,528.4551312,175.6967675
890,1,450,7350,2696274.148,1252029.438,518.5740143,30.94389945,524.0083734,26.99162662
891,1,750,7350,2696574.148,1252029.438,518.4414288,17.35781792,523.9224925,11.48428719
892,1,1050,7350,2696874.148,1252029.438,518.3579579,4.974816787,523.9029919,-13.56271411
893,1,1350,7350,2697174.148,1252029.438,518.3475876,17.19981751,523.9845836,11.22374971
894,1,1650,7350,2697474.148,1252029.438,518.4357047,37.54121727,524.2001422,33.43622145
895,1,1950,7350,2697774.148,1252029.438,518.641332,33.1913928,524.5647819,28.84146813
896,1,2250,7350,2698074.148,1252029.438,518.9677663,29.84183359,525.0606118,25.24494373
897,1,2550,7350,2698374.148,1252029.438,519.3988346,39.34148928,525.6363133,34.60674225
898,1,2850,7350,2698674.148,1252029.438,519.9056097,53.56839397,526.2249024,48.94870876
899,1,3150,7350,2698974.148,1252029.438,520.4585545,74.4832611,526.7664603,70.00437303
900,1,3450,7350,2699274.148,1252029.438,521.0348237,1.164809792,527.2224613,66.7914276
901,1,3750,7350,2699574.148,1252029.438,521.6171593,74.99115346,527.5789275,71.82385032
902,1,4050,7350,2699874.148,1252029.438,522.1896292,103.5971638,527.8414708,101.2696403
903,1,4350,7350,2700174.148,1252029.438,522.7358499,144.7317631,528.0265278,141.362361
904,1,4650,7350,2700474.148,1252029.438,523.2404543,175.3316914,528.1531346,172.3425175
905,1,4950,7350,2700774.148,1252029.438,523.6915838,188.1301266,528.2378856,185.4790956
927,1,450,7650,2696274.148,1252329.438,518.866392,37.63663841,524.3482438,33.65175617
928,1,750,7650,2696574.148,1252329.438,518.778589,19.68915739,524.318742,13.59792468
929,1,1050,7650,2696874.148,1252329.438,518.7372844,5.241454598,524.3483359,-11.85853999
930,1,1350,7650,2697174.148,1252329.438,518.7588948,24.91606084,524.4573968,20.69260317
932,1,1950,7650,2697774.148,1252329.438,519.0480727,43.38621815,524.9653559,38.9758206
933,1,2250,7650,2698074.148,1252329.438,519.3273661,38.10390959,525.353667,33.57615756
934,1,2550,7650,2698374.148,1252329.438,519.6875507,46.44741302,525.7953433,41.85617189
935,1,2850,7650,2698674.148,1252329.438,520.1116273,61.36696328,526.2501967,56.76980333
936,1,3150,7650,2698974.148,1252329.438,520.5800826,78.91621582,526.6804066,74.48626007
937,1,3450,7650,2699274.148,1252329.438,521.0747147,84.50262365,527.0588522,82.96198114
938,1,3750,7650,2699574.148,1252329.438,521.579478,81.70663897,527.3721959,78.83613746
939,1,4050,7650,2699874.148,1252329.438,522.0796582,96.13099031,527.6193268,92.55428433
940,1,4350,7650,2700174.148,1252329.438,522.5614142,123.0259107,527.8072041,119.6716692
973,1,3150,7950,2698974.148,1252629.438,520.7134786,98.36102667,526.634954,94.05552224
974,1,3450,7950,2699274.148,1252629.438,521.1395469,106.6248543,526.9513282,102.5010528
975,1,3750,7950,2699574.148,1252629.438,521.5776473,108.977715,527.2244795,105.5463538
976,1,4050,7950,2699874.148,1252629.438,522.0151504,104.3202726,527.4507561,100.8983005
1011,1,3450,8250,2699274.148,1252929.438,521.2174246,138.1085084,526.880846,134.1373358
1012,1,3750,8250,2699574.148,1252929.438,521.5991204,140.373143,527.1185624,136.7583607
1013,1,4050,8250,2699874.148,1252929.438,521.982866,137.4808868,527.322842,134.0938247
